<?xml version="1.0" encoding="utf-8"?>
<odoo>
    <record id="ticket_type_1" model="helpdesk.types">
        <field name="name">Question</field>
    </record>
    <record id="ticket_type_2" model="helpdesk.types">
        <field name="name">Issue</field>
    </record>
    <record id="ticket_type_3" model="helpdesk.types">
        <field name="name">Repair</field>
    </record>
    <record id="ticket_type_4" model="helpdesk.types">
        <field name="name">Maintenance</field>
    </record>
    <record id="ticket_categories_1" model="helpdesk.categories">
        <field name="name">Internal</field>
    </record>
    <record id="ticket_categories_2" model="helpdesk.categories">
        <field name="name">Technical</field>
    </record>
</odoo>