<?xml version="1.0" encoding="utf-8"?>
<odoo>
    <!-- Project Stages -->
    <record id="stage_inbox" model="ticket.stage">
        <field name="sequence">10</field>
        <field name="name">Inbox</field>
    </record>
    <record id="stage_draft" model="ticket.stage">
        <field name="sequence">15</field>
        <field name="name">Draft</field>
    </record>
    <record id="stage_done" model="ticket.stage">
        <field name="sequence">25</field>
        <field name="name">Done</field>
    </record>
    <record id="stage_in_progress" model="ticket.stage">
        <field name="sequence">20</field>
        <field name="starting_stage" eval="True"/>
        <field name="name">In Progress</field>
    </record>
    <record id="stage_closed" model="ticket.stage">
        <field name="sequence">30</field>
        <field name="closing_stage">True</field>
        <field name="name">Closed</field>
    </record>
    <record id="stage_canceled" model="ticket.stage">
        <field name="sequence">35</field>
        <field name="cancel_stage">True</field>
        <field name="name">Canceled</field>
    </record>
</odoo>
