id,name,model_id:id,group_id:id,perm_read,perm_write,perm_create,perm_unlink

access_help_ticket,access.help.ticket,model_help_ticket,,1,1,1,1

access_help_ticket_teams_user,access.help.team,model_help_team,odoo_website_helpdesk.helpdesk_user,1,0,0,0
access_help_ticket_teams_leader,access.help.team,model_help_team,odoo_website_helpdesk.helpdesk_team_leader,1,0,0,0
access_help_ticket_teams_manager,access.help.team,model_help_team,odoo_website_helpdesk.helpdesk_manager,1,1,1,1

access_helpdesk_tag_user,access.helpdesk.tag,model_helpdesk_tag,odoo_website_helpdesk.helpdesk_user,1,0,0,0
access_helpdesk_tag_leader,access.helpdesk.tag,model_helpdesk_tag,odoo_website_helpdesk.helpdesk_team_leader,1,1,1,1
access_helpdesk_tag_manager,access.helpdesk.tag,model_helpdesk_tag,odoo_website_helpdesk.helpdesk_manager,1,1,1,1

access_help_ticket_stage_user,access.ticket.stage,model_ticket_stage,odoo_website_helpdesk.helpdesk_user,1,1,1,1

access_helpdesk_types_user,access.helpdesk.types,model_helpdesk_types,odoo_website_helpdesk.helpdesk_user,1,0,0,0
access_helpdesk_types_leader,access.helpdesk.types,model_helpdesk_types,odoo_website_helpdesk.helpdesk_team_leader,1,1,1,1
access_helpdesk_types_manager,access.helpdesk.types,model_helpdesk_types,odoo_website_helpdesk.helpdesk_manager,1,1,1,1

access_helpdesk_categories_user,access_helpdesk_categories,model_helpdesk_categories,odoo_website_helpdesk.helpdesk_user,1,0,0,0
access_helpdesk_categories_leader,access_helpdesk_categories,model_helpdesk_categories,odoo_website_helpdesk.helpdesk_team_leader,1,1,1,1
access_helpdesk_categories_manager,access_helpdesk_categories,model_helpdesk_categories,odoo_website_helpdesk.helpdesk_manager,1,1,1,1

merge_tickets,merge.tickets,model_merge_tickets,odoo_website_helpdesk.helpdesk_manager,1,1,1,1
support_tickets,support.tickets,model_support_tickets,odoo_website_helpdesk.helpdesk_manager,1,1,1,1